mysql> select e.*, d.name from emp as e left join dept as d on e.dept_id = d.id;
+----+-----------+------+--------------------+--------+------------+-----------+---------+-----------+
| id | name      | age  | job                | salary | entrydate  | managerid | dept_id | name      |
+----+-----------+------+--------------------+--------+------------+-----------+---------+-----------+
|  1 | 金庸      |   66 | 总裁               |  20000 | 2000-01-01 |      NULL |       5 | 总经办    |
|  2 | 张无忌    |   20 | 项目经理           |  12500 | 2005-12-05 |         1 |       1 | 研发部    |
|  3 | 杨逍      |   33 | 开发               |   8400 | 2000-11-03 |         2 |       1 | 研发部    |
|  4 | 韦一笑    |   48 | 开发               |  11000 | 2002-02-05 |         2 |       1 | 研发部    |
|  5 | 常遇春    |   43 | 开发               |  10500 | 2004-09-07 |         3 |       1 | 研发部    |
|  6 | 小昭      |   19 | 程序员鼓励师       |   6600 | 2004-10-12 |         2 |       1 | 研发部    |
|  7 | 灭绝      |   60 | 财务总监           |   8500 | 2002-09-12 |         1 |       3 | 财务部    |
|  8 | 周芷若    |   19 | 会计               |  48000 | 2006-06-02 |         7 |       3 | 财务部    |
|  9 | 丁敏君    |   23 | 出纳               |   5250 | 2009-05-13 |         7 |       3 | 财务部    |
| 10 | 赵敏      |   20 | 市场部总监         |  12500 | 2004-10-12 |         1 |       2 | 市场部    |
| 11 | 鹿杖客    |   56 | 职员               |   3750 | 2006-10-03 |        10 |       2 | 市场部    |
| 12 | 鹤笔翁    |   19 | 职员               |   3750 | 2007-05-09 |        10 |       2 | 市场部    |
| 13 | 方东白    |   19 | 职员               |   5500 | 2009-02-12 |        10 |       2 | 市场部    |
| 14 | 张三丰    |   88 | 销售总监           |  14000 | 2004-10-12 |         1 |       4 | 销售部    |
| 15 | 俞莲舟    |   38 | 销售               |   4600 | 2004-10-12 |        14 |       4 | 销售部    |
| 16 | 宋远桥    |   40 | 销售               |   4600 | 2004-10-12 |        14 |       4 | 销售部    |
| 17 | 陈友谅    |   42 | NULL               |   2000 | 2011-10-12 |         1 |    NULL | NULL      |
+----+-----------+------+--------------------+--------+------------+-----------+---------+-----------+
17 rows in set (0.01 sec)

mysql> select d.name, e.* from dept d left join emp e on e.dept_id = d.id;
+-----------+------+-----------+------+--------------------+--------+------------+-----------+---------+
| name      | id   | name      | age  | job                | salary | entrydate  | managerid | dept_id |
+-----------+------+-----------+------+--------------------+--------+------------+-----------+---------+
| 研发部    |    2 | 张无忌    |   20 | 项目经理           |  12500 | 2005-12-05 |         1 |       1 |
| 研发部    |    3 | 杨逍      |   33 | 开发               |   8400 | 2000-11-03 |         2 |       1 |
| 研发部    |    4 | 韦一笑    |   48 | 开发               |  11000 | 2002-02-05 |         2 |       1 |
| 研发部    |    5 | 常遇春    |   43 | 开发               |  10500 | 2004-09-07 |         3 |       1 |
| 研发部    |    6 | 小昭      |   19 | 程序员鼓励师       |   6600 | 2004-10-12 |         2 |       1 |
| 市场部    |   10 | 赵敏      |   20 | 市场部总监         |  12500 | 2004-10-12 |         1 |       2 |
| 市场部    |   11 | 鹿杖客    |   56 | 职员               |   3750 | 2006-10-03 |        10 |       2 |
| 市场部    |   12 | 鹤笔翁    |   19 | 职员               |   3750 | 2007-05-09 |        10 |       2 |
| 市场部    |   13 | 方东白    |   19 | 职员               |   5500 | 2009-02-12 |        10 |       2 |
| 财务部    |    7 | 灭绝      |   60 | 财务总监           |   8500 | 2002-09-12 |         1 |       3 |
| 财务部    |    8 | 周芷若    |   19 | 会计               |  48000 | 2006-06-02 |         7 |       3 |
| 财务部    |    9 | 丁敏君    |   23 | 出纳               |   5250 | 2009-05-13 |         7 |       3 |
| 销售部    |   14 | 张三丰    |   88 | 销售总监           |  14000 | 2004-10-12 |         1 |       4 |
| 销售部    |   15 | 俞莲舟    |   38 | 销售               |   4600 | 2004-10-12 |        14 |       4 |
| 销售部    |   16 | 宋远桥    |   40 | 销售               |   4600 | 2004-10-12 |        14 |       4 |
| 总经办    |    1 | 金庸      |   66 | 总裁               |  20000 | 2000-01-01 |      NULL |       5 |
| 人事部    | NULL | NULL      | NULL | NULL               |   NULL | NULL       |      NULL |    NULL |
+-----------+------+-----------+------+--------------------+--------+------------+-----------+---------+
17 rows in set (0.00 sec)
